,isin,nome,ticker,benchmark,ter,areaBenchmark,emittente,strumento,dataSource,startDate,endDate,volAvg
2,DE0002635307,ISHARES STOXX EUROPE 600 UCITS ETF,EXSA.MI,STOXX EUROPE 600,0.00203,AZIONARIO EUROPA - AREA,ISHARES,ETF,EXSA.MI,2008-02-26,2019-06-18,93438
4,DE000A0D8Q07,ISHARES EURO STOXX UCITS ETF,EXSI.MI,EURO STOXX,0.00207,AZIONARIO EUROPA - AREA,ISHARES,ETF,EXSI.MI,2008-02-26,2019-06-18,19469
6,DE000A0H0728,ISHARES DIVERS COMMODITY SWAP UCITS ETF,EXXY.MI,BLOOMBERG COMMODITY INDEX,0.0047,COMMODITIES,ISHARES,ETF,EXXY.MI,2008-02-26,2019-06-18,21525
7,DE000A0Q4RZ9,ISHARES EB.REXX MONEY MARKET UCITS ETF,EXVM.MI,EB.REXX MONEY MARKET TR,0.00126,TITOLI DI STATO - EURO,ISHARES,ETF,EXVM.MI,2009-05-27,2019-06-18,2433
8,FR0007054358,LYXOR EURO STOXX 50 DR UCITS ETF - DIST,MSE.MI,EURO STOXX 50 TRN,0.002,AZIONARIO EUROPA - AREA,LYXOR,ETF,MSE.MI,2004-05-17,2019-06-18,112644
9,FR0007056841,LYXOR DJ INDUST AVERAGE UCITS ETF - DIST,DJE.MI,DOW JONES INDUSTRIAL AVG TRN,0.005,AZIONARIO NORD AMERICA,LYXOR,ETF,DJE.MI,2004-05-11,2019-06-18,369
10,FR0007063177,LYXOR NASDAQ-100 UCITS ETF - DIST,UST.MI,NASDAQ 100 TRN,0.003,AZIONARIO NORD AMERICA,LYXOR,ETF,UST.MI,2004-05-11,2019-06-18,32095
11,FR0007075494,LYXOR UCITS ETF DJ GLOBAL TITANS 50,MGT.MI,DJ GLOBAL TITANS 50 NTR,0.004,AZIONARIO MONDO,LYXOR,ETF,MGT.MI,2004-05-11,2019-06-18,1119
16,FR0010261198,LYXOR MSCI EUROPE UCITS ETF - DIST,MEU.MI,MSCI TRN EUROPE INDEX,0.0025,AZIONARIO EUROPA - AREA,LYXOR,ETF,MEU.MI,2006-04-21,2019-06-18,2290
17,FR0010270033,LYXOR COMMODITIES CRB TR UCITS ETF ACC,CRB.MI,THOMSON REUTERS/JEFFERIES CRB TOTAL RETURN,0.0035,COMMODITIES,LYXOR,ETF,CRB.MI,2006-06-01,2019-06-18,9288
18,FR0010296061,LYXOR MSCI USA UCITS ETF - DIST,LUSA.MI,MSCI TRN USA INDEX,0.0025,AZIONARIO NORD AMERICA,LYXOR,ETF,LUSA.MI,2006-09-14,2019-06-18,770
20,FR0010315770,LYXOR MSCI WORLD UCITS ETF - DIST,WLD.MI,MSCI TRN WORLD INDEX,0.003,AZIONARIO MONDO,LYXOR,ETF,WLD.MI,2006-09-07,2019-06-18,2988
41,FR0010346205,LYXOR COMMOD CRB EX-ENERGY UCITS ETF ACC,CRBN.MI,THOMSON REUTERS/JEFFERIES CRB EX-ENERGY TR,0.0035,COMMODITIES,LYXOR,ETF,CRBN.MI,2006-11-16,2019-06-18,1642
57,IE0008470928,ISHARES STOXX EUROPE 50 UCITS ETF DIST,EUN.MI,STOXX EUROPE 50,0.0035,AZIONARIO EUROPA - AREA,ISHARES,ETF,EUN.MI,2004-05-11,2019-06-18,6090
58,IE0008471009,ISHARESCOREEUROSTOXX50€(DIST) UCITS ETF,EUE.MI,EURO STOXX 50,0.001,AZIONARIO EUROPA - AREA,ISHARES,ETF,EUE.MI,2004-05-11,2019-06-18,227515
59,IE0031442068,ISHARESCORES&P500$(DIST) UCITS ETF,IUSA.MI,S&P 500,0.0007,AZIONARIO NORD AMERICA,ISHARES,ETF,IUSA.MI,2004-05-11,2019-06-18,262440
60,IE0032077012,INVESCO EQQQ NASDAQ-100 UCITS ETF,EQQQ.MI,NASDAQ 100,0.002,AZIONARIO NORD AMERICA,INVESCO,ETF,EQQQ.MI,2003-06-26,2019-06-18,9893
67,IE00B0M62Q58,ISHARES MSCI WORLD UCITS ETF USD DIST,IWRD.MI,MSCI WORLD INDEX,0.005,AZIONARIO MONDO,ISHARES,ETF,IWRD.MI,2006-03-09,2019-06-18,59606
72,IE00B0M63284,ISHARES EURO PROP YIELD UCITS ETF DIST,IPRP.MI,FTSE EPRA/NAREIT DEV EUROPE EX UK DIV + INDEX TR,0.004,REAL ESTATE,ISHARES,ETF,IPRP.MI,2006-03-09,2019-06-18,7765
77,IE00B14X4M10,ISHARES MSCI NORTH AMER UCITS ETF DIST,INAA.MI,MSCI NORTH AMERICA,0.004,AZIONARIO NORD AMERICA,ISHARES,ETF,INAA.MI,2006-09-25,2019-06-18,6395
78,IE00B14X4N27,ISHARES MSCI EURO EX-UK UCITS ETF DIST,IEUX.MI,MSCI EUROPE EX-UK,0.004,AZIONARIO EUROPA - AREA,ISHARES,ETF,IEUX.MI,2006-09-25,2019-06-18,11635
79,IE00B14X4Q57,ISHARES GOVT BOND 1-3YR UCITS ETF DIST,IBGS.MI,BARCLAYS EURO GOV BOND 1-3 YEAR TERM,0.002,TITOLI DI STATO - EURO,ISHARES,ETF,IBGS.MI,2006-09-25,2019-06-18,16249
80,IE00B14X4S71,ISHARES $ TREASURY 1-3YR UCITS ETF DIST,IBTS.MI,BARCLAYS US TREASURY 1-3 YEAR TERM,0.002,TITOLI DI STATO - NON EURO,ISHARES,ETF,IBTS.MI,2006-09-25,2019-06-18,7014
82,IE00B1FZS244,ISHARES ASIA PROPERTY YLD UCITS ETF DIST,IASP.MI,FTSE EPRA/NAREIT DEV ASIA DIVIDEND + INDEX TR,0.0059,REAL ESTATE,ISHARES,ETF,IASP.MI,2007-03-20,2019-06-18,3470
83,IE00B1FZS350,ISHARES DEV MKT PROP YLD UCITS ETF DIST,IWDP.MI,FTSE EPRA/NAREIT DEVELOPED DIVIDEND + INDEX TR,0.0059,REAL ESTATE,ISHARES,ETF,IWDP.MI,2007-03-20,2019-06-18,40933
86,IE00B1FZS681,ISHARES EURO GOVT BOND 3-5YR UCITS ETF,IBGX.MI,BARCLAYS EURO GOV BOND 5 YEAR TERM,0.002,TITOLI DI STATO - EURO,ISHARES,ETF,IBGX.MI,2007-03-20,2019-06-18,31871
87,IE00B1FZS798,ISHARES $ TREASURY 7-10YR UCITS ETF DIST,IBTM.MI,BARCLAYS US TREASURY 10 YEAR TERM,0.002,TITOLI DI STATO - NON EURO,ISHARES,ETF,IBTM.MI,2007-03-20,2019-06-18,32496
88,IE00B1FZS806,ISHARES EU GOVT 7-10YR UCITS ETF DIST,IBGM.MI,BARCLAYS EURO GOV BOND 10 YEAR TERM,0.002,TITOLI DI STATO - EURO,ISHARES,ETF,IBGM.MI,2007-03-20,2019-06-18,2817
89,IE00B1FZS913,ISHARES EU GOVT 15-30YR UCITS ETF DIST,IBGL.MI,BARCLAYS EURO GOV BOND 30 YEAR TERM,0.002,TITOLI DI STATO - EURO,ISHARES,ETF,IBGL.MI,2007-03-20,2019-06-18,6792
90,IE00B1FZSB30,ISHARES CORE UK GILTS UCITS ETF GBP DIST,IGLT.MI,FTSE ACTUARIES GOV SECURITIES UK GILTS ALL STOCK,0.002,TITOLI DI STATO - NON EURO,ISHARES,ETF,IGLT.MI,2007-03-20,2019-06-18,14923
92,IE00B1FZSF77,ISHARES US PROPERTY YIELD UCITS ETF,IUSP.MI,FTSE EPRA/NAREIT UNITED STATES DIVIDEND + INDEX TR,0.004,REAL ESTATE,ISHARES,ETF,IUSP.MI,2007-03-20,2019-06-18,8694
94,IE00B1TXLS18,ISHARES UK PROPERTY UCITS ETF GBP DIST,IUKP.MI,FTSE EPRA/NAREIT UK INDEX TR,0.004,REAL ESTATE,ISHARES,ETF,IUKP.MI,2007-12-03,2019-06-18,11114
98,IE00B1YZSC51,ISHARESCOREMSCIEUROPE UCITS ETF,IMEU.MI,MSCI EUROPE,0.0012,AZIONARIO EUROPA - AREA,ISHARES,ETF,IMEU.MI,2008-03-18,2019-06-18,55450
99,IE00B23D8S39,INVESCO FTSE RAFI US 1000 UCITS ETF,PFT.MI,FTSE RAFI US 1000,0.0039,AZIONARIO NORD AMERICA,INVESCO,ETF,PFT.MI,2007-11-26,2019-06-18,381
100,IE00B23D8X81,INVESCO FTSE RAFI EUROPE UCITS ETF,PEF.MI,FTSE RAFI EUROPE,0.005,AZIONARIO EUROPA - AREA,INVESCO,ETF,PEF.MI,2007-11-26,2019-06-18,1851
101,IE00B23D8Y98,INVESCO FTSE RAFI EU MID-SMALL UCITS ETF,PWD.MI,FTSE RAFI DEVELOPED EUROPE MID-SMALL,0.005,AZIONARIO EUROPA - AREA,INVESCO,ETF,PWD.MI,2007-12-10,2019-06-18,846
102,IE00B23D9240,INVESCO DYNAMIC US MARKET UCITS ETF,PWC.MI,DYNAMIC MARKET INTELLIDEX,0.0075,AZIONARIO NORD AMERICA,INVESCO,ETF,PWC.MI,2008-01-18,2019-06-18,2
108,IE00B3CNHJ55,L&G RUSSELL 2000 US SMALL CAP UCITS ETF,RTWO.MI,RUSSELL 2000 TRN INDEX,0.0045,AZIONARIO NORD AMERICA,LEGAL & GENERAL,ETF,RTWO.MI,2009-01-29,2019-06-18,168
110,LU0274208692,XTRACKERS MSCI WORLD SWAP UCITS ETF,XMWO.MI,MSCI TRN WORLD INDEX,0.0045,AZIONARIO MONDO,XTRACKERS,ETF,XMWO.MI,2007-02-15,2019-06-18,18088
111,LU0274209237,XTRACKERS MSCI EUROPE UCITS ETF,XMEU.MI,MSCI TRN EUROPE INDEX,0.003,AZIONARIO EUROPA - AREA,XTRACKERS,ETF,XMEU.MI,2007-02-15,2019-06-18,3173
113,LU0274210672,XTRACKERS MSCI USA SWAP UCITS ETF,XMUS.MI,MSCI TRN USA INDEX,0.003,AZIONARIO NORD AMERICA,XTRACKERS,ETF,XMUS.MI,2007-02-15,2019-06-18,4026
114,LU0274211217,XTRACKERS EURO STOXX 50 UCITS ETF 1D,XESX.MI,EURO STOXX 50,0.0009,AZIONARIO EUROPA - AREA,XTRACKERS,ETF,XESX.MI,2007-02-15,2019-06-18,33682
117,LU0290355717,XTRACKERS II EUROZ GOVT UCITS ETF 1C,XGLE.MI,IBOXX SOVEREIGNS EUROZONE TR,0.0015,TITOLI DI STATO - EURO,XTRACKERS,ETF,XGLE.MI,2007-11-06,2019-06-18,16562
118,LU0290356871,XTRACKERS II EUROZ GOVT 1-3 UCITS ETF,X13E.MI,MARKIT IBOXX EUR EUROZONE (DE ES FR IT NL) 1-3 TR,0.0015,TITOLI DI STATO - EURO,XTRACKERS,ETF,X13E.MI,2007-11-07,2019-06-18,1896
119,LU0290356954,XTRACKERS II EUROZ GOVT 3-5 UCITS ETF,X35E.MI,MARKIT IBOXX EUR EUROZONE (DE ES FR IT NL) 3-5 TR,0.0015,TITOLI DI STATO - EURO,XTRACKERS,ETF,X35E.MI,2007-11-07,2019-06-18,3751
120,LU0290357176,XTRACKERS II EUROZ GOVT 5-7 UCITS ETF,X57E.MI,MARKIT IBOXX EUR EUROZONE (DE ES FR IT NL) 5-7 TR,0.0015,TITOLI DI STATO - EURO,XTRACKERS,ETF,X57E.MI,2007-11-07,2019-06-18,849
121,LU0290357259,XTRACKERS II EUROZ GOVT 7-10 UCITS ETF,X710.MI,MARKIT IBOXX EUR EUROZONE (DE ES FR IT NL) 7-10 TR,0.0015,TITOLI DI STATO - EURO,XTRACKERS,ETF,X710.MI,2007-11-07,2019-06-18,894
122,LU0290357333,XTRACKERS II EUROZ GOVT 10-15 UCITS ETF,X105.MI,MARKIT IBOXX EUR EUROZONE (DE ES FR IT NL) 10-15TR,0.0015,TITOLI DI STATO - EURO,XTRACKERS,ETF,X105.MI,2007-11-07,2019-06-18,1
123,LU0290357507,XTRACKERS II EUROZ GOVT 15-30 UCITS ETF,X15E.MI,MARKIT IBOXX EUR EUROZONE (DE ES FR IT NL) 15-30TR,0.0015,TITOLI DI STATO - EURO,XTRACKERS,ETF,X15E.MI,2007-11-07,2019-06-18,267
124,LU0290357846,XTRACKERS II EUROZ GOVT 25+ UCITS ETF,X25E.MI,MARKIT IBOXX EUR EUROZONE (DE ES FR IT NL) 25+ TR,0.0015,TITOLI DI STATO - EURO,XTRACKERS,ETF,X25E.MI,2007-11-07,2019-06-18,140
141,LU0292106167,XTRACK DBLCI COMM OPT YLD SWAP UCITS ETF,XDBC.MI,FX HEDGED DB LIQUID COMM IND OPTIMUM Y BALANCED,0.0055,COMMODITIES,XTRACKERS,ETF,XDBC.MI,2009-02-16,2019-06-18,7443
163,LU0328475792,XTRACKERS STOXX EUROPE 600 UCITS ETF,XSX6.MI,STOXX 600 TR,0.002,AZIONARIO EUROPA - AREA,XTRACKERS,ETF,XSX6.MI,2009-02-16,2019-06-18,9714
165,LU0378818131,XTRACKERS II GL GOVT EUR HED C UCITS ETF,XGSH.MI,FTSE WORLD GOV BOND HEDGED,0.0025,TITOLI DI STATO - MONDO,XTRACKERS,ETF,XGSH.MI,2009-02-12,2019-06-18,3216
166,LU0380865021,XTRACKERS EURO STOXX 50 UCITS ETF 1C,XESC.MI,EURO STOXX 50 TRN,0.0009,AZIONARIO EUROPA - AREA,XTRACKERS,ETF,XESC.MI,2009-02-18,2019-06-18,66622
169,IE00B3FH7618,ISHARES EU GOVT BOND 0-1Y UCITS ETF DIST,IEGE.MI,BARCLAYS EURO SHORT TREASURY (0-12MONTH)TR,0.002,TITOLI DI STATO - EURO,ISHARES,ETF,IEGE.MI,2009-09-29,2019-06-18,501
172,IE00B3VTMJ91,ISHARES EU GOVT BOND 1-3YR UCITS ETF ACC,CSBGE3.MI,BARCLAYS EURO GOV BOND 1-3 YEAR TERM,0.002,TITOLI DI STATO - EURO,ISHARES,ETF,CSBGE3.MI,2009-10-16,2019-06-17,6857
173,IE00B3VTML14,ISHARES EU GOVT BOND 3-7YR UCITS ETF ACC,CSBGE7.MI,BARCLAYS EURO GOV BOND 3-7 YEAR TERM,0.002,TITOLI DI STATO - EURO,ISHARES,ETF,CSBGE7.MI,2009-10-19,2019-06-17,3514
174,IE00B3VWN179,ISHARES $ TREA 1-3YR UCITS ETF USD ACC B,CSBGU3.MI,BARCLAYS US TREASURY 1-3 YEAR TERM,0.002,TITOLI DI STATO - NON EURO,ISHARES,ETF,CSBGU3.MI,2009-10-23,2019-06-17,4845
175,IE00B3VWN393,ISHARES $ TREASURY 3-7YR UCITS ETF ACC,CSBGU7.MI,BARCLAYS US TREASURY 3-7 YEAR TERM,0.002,TITOLI DI STATO - NON EURO,ISHARES,ETF,CSBGU7.MI,2009-10-16,2019-06-17,3030
177,IE00B4K48X80,ISHARESCOREMSCIEUROPE€(ACC) UCITS ETF,SMEA.MI,MSCI TRN EUROPE INDEX,0.0012,AZIONARIO EUROPA - AREA,ISHARES,ETF,SMEA.MI,2010-02-11,2019-06-18,15947
179,IE00B4L5Y983,ISHARES CORE MSCI WORLD UCITS ETF ACC,SWDA.MI,MSCI TRN WORLD INDEX,0.002,AZIONARIO MONDO,ISHARES,ETF,SWDA.MI,2010-02-01,2019-06-18,125326
181,IE00B4WXJG34,ISHARES EU GOVT BOND 5-7Y UCITS ETF DIST,IBGY.MI,BARCLAYS EURO GOV BOND 5-7 YEAR TERM,0.002,TITOLI DI STATO - EURO,ISHARES,ETF,IBGY.MI,2010-01-20,2019-06-18,2699
182,IE00B4WXJH41,ISHARES EU GOVT 10-15YR UCITS ETF DIST,IBGZ.MI,BARCLAYS EURO GOV BOND 10-15 YEAR TERM,0.002,TITOLI DI STATO - EURO,ISHARES,ETF,IBGZ.MI,2010-01-27,2019-06-18,448
183,IE00B4WXJJ64,ISHARES CORE EU GOVT BOND UCITS ETF DIST,SEGA.MI,BARCLAYS EURO TREASURY BOND TR,0.002,TITOLI DI STATO - EURO,ISHARES,ETF,SEGA.MI,2010-02-02,2019-06-18,33845
199,FR0010821819,AMUNDI MSCI EUROPE EX EMU UCITS ETF,CU9.MI,MSCI EUROPE EX EMU NTR,0.003,AZIONARIO EUROPA - AREA,AMUNDI,ETF,CU9.MI,2010-04-30,2019-06-18,292
200,FR0010756114,AMUNDI MSCI WORLD EX EMU UCITS ETF,CM9.MI,MSCI WORLD EX EMU NTR,0.0035,AZIONARIO MONDO,AMUNDI,ETF,CM9.MI,2010-04-22,2019-06-18,200
201,IE00B5BMR087,ISHARES CORE S&P 500 UCITS ETF USD ACC,CSSPX.MI,S&P 500 TRN USD,0.0007,AZIONARIO NORD AMERICA,ISHARES,ETF,IE00B5BMR087,2010-05-26,2019-06-18,29650
202,LU0496786574,LYXOR S&P 500 UCITS ETF - DIST,SPX.MI,S&P 500 TRN USD,0.0015,AZIONARIO NORD AMERICA,LYXOR,ETF,SPX.MI,2010-05-31,2019-06-18,47203
203,LU0136234068,UBS EURO STOXX 50 UCITS ETF A-DIS,E50EUA.MI,EURO STOXX 50,0.0015,AZIONARIO EUROPA - AREA,UBS ETF,ETF,E50EUA.MI,2010-07-21,2019-06-18,3989
204,LU0147308422,UBS MSCI EMU UCITS ETF A-DIS,EMUEUA.MI,MSCI EMU PRICE INDEX,0.0018,AZIONARIO EUROPA - AREA,UBS ETF,ETF,EMUEUA.MI,2010-11-11,2019-06-18,34024
206,LU0446734104,UBS MSCI EUROPE UCITS ETF A-DIS,EUREUA.MI,MSCI EUROPE,0.002,AZIONARIO EUROPA - AREA,UBS ETF,ETF,EUREUA.MI,2010-07-26,2019-06-18,3736
209,LU0136234654,UBS MSCI USA UCITS ETF A-DIS,USAEUA.MI,MSCI USA,0.0014,AZIONARIO NORD AMERICA,UBS ETF,ETF,USAEUA.MI,2010-06-08,2019-06-18,929
210,LU0340285161,UBS MSCI WORLD UCITS ETF A-DIS,WRDEUA.MI,MSCI WORLD INDEX,0.003,AZIONARIO MONDO,UBS ETF,ETF,WRDEUA.MI,2010-10-04,2019-06-18,560
211,LU0446734872,UBS MSCI CANADA UCITS ETF A-DIS,CANEUA.MI,MSCI CANADA,0.0033,AZIONARIO NORD AMERICA,UBS ETF,ETF,CANEUA.MI,2010-06-07,2019-06-18,19515
214,LU0476289540,XTRACKERS MSCI CANADA UCITS ETF,XCAN.MI,MSCI CANADA TRN USD,0.0035,AZIONARIO NORD AMERICA,XTRACKERS,ETF,XCAN.MI,2010-07-26,2019-06-18,7289
215,LU0489337690,XTRACKERS FTSE DEV EU REAL EST UCITS ETF,XDER.MI,FTSE EPRA NAREIT DEVELOP EU RE TR,0.004,REAL ESTATE,XTRACKERS,ETF,XDER.MI,2010-07-26,2019-06-18,1552
216,LU0490618542,XTRACKERS S&P 500 SWAP UCITS ETF 1C,XSPX.MI,S&P 500 TRN USD,0.002,AZIONARIO NORD AMERICA,XTRACKERS,ETF,XSPX.MI,2010-07-26,2019-06-18,110858
217,LU0496786731,LYXOR MSCI CANADA UCITS ETF - DIST,CAN.MI,MSCI CANADA NT CAD,0.004,AZIONARIO NORD AMERICA,LYXOR,ETF,CAN.MI,2010-09-08,2019-06-18,405
219,FR0010754135,AMUNDI GOVT EMTS INV GR 1-3 UCITS ETF,C13.MI,FTSE MTS EUROZONE GOV BROAD IG 1-3Y,0.0014,TITOLI DI STATO - EURO,AMUNDI,ETF,C13.MI,2010-10-20,2019-06-18,3299
220,FR0010754184,AMUNDI GOVT EMTS INV GR 7-10 UCITS ETF,C73.MI,FTSE MTS EUROZONE GOV BROAD IG 7-10Y,0.0014,TITOLI DI STATO - EURO,AMUNDI,ETF,C73.MI,2010-09-22,2019-06-18,288
221,FR0010754143,AMUNDI GOVT EMTS INV GR 10-15 UCITS ETF,C10.MI,FTSE MTS EUROZONE GOV BROAD IG 10-15Y,0.0014,TITOLI DI STATO - EURO,AMUNDI,ETF,C10.MI,2011-01-27,2019-06-18,1882
223,FR0010754168,AMUNDI GOVT EMTS INV GR 3-5 UCITS ETF,C33.MI,FTSE MTS EUROZONE GOV BROAD IG 3-5Y,0.0014,TITOLI DI STATO - EURO,AMUNDI,ETF,C33.MI,2010-09-22,2019-06-18,3194
224,FR0010754176,AMUNDI GOVT EMTS INV GR 5-7 UCITS ETF,C53.MI,FTSE MTS EUROZONE GOV BROAD IG 5-7Y,0.0014,TITOLI DI STATO - EURO,AMUNDI,ETF,C53.MI,2010-09-30,2019-06-18,413
243,LU0524480265,XTRII IBOXX EUROZ GOV YLD PLUS UCITS ETF,XY4P.MI,MARKIT IBOXX EUR SOVEREIGNS EUROZONE Y PLUS TR,0.0015,TITOLI DI STATO - EURO,XTRACKERS,ETF,XY4P.MI,2011-01-25,2019-06-18,83
244,LU0468896575,XTRACKERS II GERMANY GOVT UCITS ETF,XBTR.MI,IBOXX EUR GERMANY TR,0.0015,TITOLI DI STATO - EURO,XTRACKERS,ETF,XBTR.MI,2011-01-25,2019-06-18,1
245,LU0468897110,XTRACKERS II GERMANY GOVT 1-3 UCITS ETF,XB13.MI,IBOXX EUR GERMANY 1-3 TR,0.0015,TITOLI DI STATO - EURO,XTRACKERS,ETF,XB13.MI,2011-01-25,2019-06-18,28
248,IE00B441G979,ISHARES MSCI WORLD EUR HDG UCITS ETF ACC,IWDE.MI,MSCI WORLD EURO HEDGED TRN,0.0055,AZIONARIO MONDO,ISHARES,ETF,IWDE.MI,2011-04-04,2019-06-18,171813
249,IE00B3ZW0K18,ISHARES S&P 500 EUR HEDGED UCITS ETF ACC,IUSE.MI,S&P 500 EURO HEDGED TRN,0.002,AZIONARIO NORD AMERICA,ISHARES,ETF,IUSE.MI,2011-04-04,2019-06-18,127070
251,LU0599612842,OSSIAM ISTXX EUROPE MIN VAR NR UCITS ETF,EUMV.MI,ISTOXX EUROPE MINIMUM VARIANCE NTR,0.0065,AZIONARIO EUROPA - AREA,OSSIAM,ETF,EUMV.MI,2011-07-01,2019-06-18,153
252,LU0599613147,OSSIAM STX EU600 EQ WEIGHT NR UCITS ETF,S6EW.MI,STOXX EUROPE 600 EQUAL WEIGHT NTR,0.0035,AZIONARIO EUROPA - AREA,OSSIAM,ETF,S6EW.MI,2011-07-01,2019-06-18,235
253,LU0599612685,OSSIAM US MIN VARIANCE ESG NR UCITS ETF,SPMV.MI,US ESG MINIMUM VARIANCE NR,0.0065,AZIONARIO NORD AMERICA,OSSIAM,ETF,SPMV.MI,2011-07-01,2019-06-18,344
260,LU0690964092,XTRACKERS II GL GOVT EUR HED D UCITS ETF,XGVD.MI,FTSE WORLD GOV BOND HEDGED,0.0025,TITOLI DI STATO - MONDO,XTRACKERS,ETF,LU0690964092,2012-01-31,2019-06-18,185
265,IE00B6YX5F63,SPDR BARCL 1-3 Y EUR GOV BOND UCITS ETF,GOVS.MI,BARCLAYS CAPITAL 1-3 YEAR EURO TREASURY BOND TR,0.0015,TITOLI DI STATO - EURO,SPDR,ETF,GOVS.MI,2012-04-12,2019-06-18,9262
268,IE00B3S5XW04,SPDR BARCL EUR GOVT BOND UCITS ETF,GOVY.MI,BARCLAYS EURO TREASURY BOND TR,0.0015,TITOLI DI STATO - EURO,SPDR,ETF,GOVY.MI,2012-04-12,2019-06-18,40567
269,IE00B3YLTY66,SPDR MSCI ACWI IMI UCITS ETF,IMIE.MI,MSCI ALL COUNTRY WORLD INVESTABLE MARKET NTR,0.004,AZIONARIO MONDO,SPDR,ETF,IMIE.MI,2012-04-12,2019-06-18,795
275,IE00B6YX5C33,SPDR S&P 500 UCITS ETF,SPY5.MI,S&P 500 TRN USD,0.0009,AZIONARIO NORD AMERICA,SPDR,ETF,SPY5.MI,2012-04-12,2019-06-18,2999
277,LU0730820569,XTRACK II GERM GOVT 7-10 SWAP UCITS ETF,XG71.MI,IBOXX EUR GERMANY 7-10 TR,0.0015,TITOLI DI STATO - EURO,XTRACKERS,ETF,XG71.MI,2012-04-26,2019-06-18,585
281,LU0799656698,OSSIAM WORLD MINIM VARIANCE NR UCITS ETF,WOMV.MI,OSSIAM WORLD MINIMUM VARIANCE NETR USD,0.0065,AZIONARIO MONDO,OSSIAM,ETF,LU0799656698,2012-10-22,2019-06-18,284
282,IE00B77D4428,UBS (IRL) MSCI USA UCITS ETF A-DIS,USAEUY.MI,MSCI TRN USA INDEX,0.0014,AZIONARIO NORD AMERICA,UBS ETF,ETF,IE00B77D4428,2013-01-14,2019-06-18,24491
284,IE00B7K93397,UBS (IRL) S&P 500 UCITS ETF A-DIS,SP5EUY.MI,S&P 500 TRN USD,0.0012,AZIONARIO NORD AMERICA,UBS ETF,ETF,IE00B7K93397,2013-01-14,2019-06-18,960
287,LU0721552544,UBS BL BAR US 1-3Y TREAS UCITS ETF A-DIS,UT1EUA.MI,BLOOMBERG BARCLAYS US 1-3 YEAR TREASURY BOND TR,0.0012,TITOLI DI STATO - NON EURO,UBS ETF,ETF,LU0721552544,2013-01-14,2019-06-18,645
288,LU0721552973,UBS BL BAR US 7-10Y TREA UCITS ETF A-DIS,UT7EUA.MI,BLOOMBERG BARCLAYS US 7-10 YEAR TREASURY BOND TR,0.0012,TITOLI DI STATO - NON EURO,UBS ETF,ETF,LU0721552973,2013-01-14,2019-06-18,80
289,LU0721553351,UBS IBX EUR GERMANY 1-3 UCITS ETF A-DIS,GS1EUA.MI,MARKIT IBOXX EUR GERMANY 1-3 TR,0.0017,TITOLI DI STATO - EURO,UBS ETF,ETF,LU0721553351,2013-01-14,2019-06-18,40
298,LU0835262626,XTRACKERS EUROSTX 50 EX FINANC UCITS ETF,XD5F.MI,EURO STOXX 50 EX FINANCIALS,0.002,AZIONARIO EUROPA - AREA,XTRACKERS,ETF,LU0835262626,2013-01-15,2019-06-18,111
299,LU0846194776,XTRACKERS MSCI EMU UCITS ETF,XD5E.MI,MSCI EMU TRN,0.0015,AZIONARIO EUROPA - AREA,XTRACKERS,ETF,LU0846194776,2013-01-15,2019-06-18,19399
303,IE00B910VR50,SPDR MSCI EMU UCITS ETF,EURO.MI,MSCI EMU TRN,0.0018,AZIONARIO EUROPA - AREA,SPDR,ETF,IE00B910VR50,2013-05-02,2019-06-18,26974
304,IE00B8GF1M35,SPDR DJ GLOBAL REAL ESTATE UCITS ETF,GLRE.MI,DJ GLOBAL SELECT REAL ESTATE SECURITIES TRN,0.004,REAL ESTATE,SPDR,ETF,IE00B8GF1M35,2013-05-02,2019-06-18,216
305,IE00B802KR88,SPDR S&P 500 LOW VOLATILITY UCITS ETF,LOWV.MI,S&P 500 LOW VOLATILITY TRN,0.0035,AZIONARIO NORD AMERICA,SPDR,ETF,IE00B802KR88,2013-05-02,2019-06-18,4682
314,LU0876440578,OSSIAM RISK WEIG EN COMM EX GR UCITS ETF,CRWE.MI,RISK WEIGHTED ENHANCED COMMODITY EX. GRAINS TR,0.0045,COMMODITIES,OSSIAM,ETF,LU0876440578,2013-09-12,2019-06-18,5
315,LU0494592974,XTRACKERS II AUSTRAL GOVT BOND UCITS ETF,XCS2.MI,FTSE AUSTRALIAN GOV BOND,0.0025,TITOLI DI STATO - NON EURO,XTRACKERS,ETF,LU0494592974,2013-10-23,2019-06-18,182
316,LU0908508731,XTRACKERS II GLOB GOVT BOND UCITS ETF 5C,XG7S.MI,FTSE WORLD GOV BOND UNHEDGED,0.0025,TITOLI DI STATO - MONDO,XTRACKERS,ETF,LU0908508731,2013-10-23,2019-06-18,3788
318,LU0925589839,XTRAC II EUROZ GOV YLD PLU 1-3 UCITS ETF,XYP1.MI,MARKIT IBOXX EUR SOV EUROZONE YIELD PLUS 1-3 TR,0.0015,TITOLI DI STATO - EURO,XTRACKERS,ETF,LU0925589839,2013-10-23,2019-06-18,1493
321,LU0959211243,LYXOR S&P 500 DAI EU HED UCITS ETF DIST,SPXH.MI,S&P 500 DAILY EURO HEDGED TRN,0.0015,AZIONARIO NORD AMERICA,LYXOR,ETF,LU0959211243,2013-10-30,2019-06-18,24916
322,IE00BD4TYG73,UBS MSCI USA EUR HEDGED UCITS ETF A-ACC,USEUWH.MI,MSCI USA 100% HEDGED TO EUR TRN,0.0024,AZIONARIO NORD AMERICA,UBS ETF,ETF,IE00BD4TYG73,2013-12-02,2019-06-18,44313
325,LU0952581584,XTRACKERS II JAPAN GOVT BOND UCITS ETF,XJSE.MI,FTSE JAPANESE GOV BOND,0.0015,TITOLI DI STATO - NON EURO,XTRACKERS,ETF,LU0952581584,2013-12-13,2019-06-18,78940
329,LU0969639128,UBS BL BAR EU 1-10Y TREA UCITS ETF A-DIS,SS1EUA.MI,BLOOMBERG BARCLAYS EUR TREASURY 1-10 BOND,0.0017,TITOLI DI STATO - EURO,UBS ETF,ETF,LU0969639128,2014-01-13,2019-06-18,79038
335,IE00B4YBJ215,SPDR S&P 400 US MID CAP UCITS ETF,SPY4.MI,S&P MIDCAP 400 TRN,0.003,AZIONARIO NORD AMERICA,SPDR,ETF,IE00B4YBJ215,2014-01-27,2019-06-18,2178
345,IE00BGHQ0G80,XTRACKERS MSCI AC WORLD UCITS ETF,XMAW.MI,MSCI ACWI EUR TRN,0.005,AZIONARIO MONDO,XTRACKERS,ETF,IE00BGHQ0G80,2014-07-21,2019-06-18,16598
346,IE00BJ0KDR00,XTRACKERS MSCI USA UCITS ETF,XD9U.MI,MSCI TRN USA INDEX,0.0009,AZIONARIO NORD AMERICA,XTRACKERS,ETF,IE00BJ0KDR00,2014-07-21,2019-06-18,61358
348,IE00BCLWRF22,ISHARES MSCI EMU LARGE CAP UCITS ETF ACC,EMUL.MI,MSCI EMU LARGE CAP TRN,0.0049,AZIONARIO EUROPA - AREA,ISHARES,ETF,IE00BCLWRF22,2014-07-24,2019-06-18,964
350,IE00B60SWX25,INVESCO EURO STOXX 50 UCITS ETF,SDJE50.MI,EURO STOXX 50 TRN,0.0005,AZIONARIO EUROPA - AREA,INVESCO,ETF,SDJE50.MI,2018-09-03,2019-06-18,1646
352,IE00BFG1RG61,INVESCO GS EQUITY FAC WORLD UCITS ETF,EFIW.MI,GOLDMAN SACHS EQUITY FACTOR INDEX WORLD TRN,0.0055,AZIONARIO MONDO,INVESCO,ETF,EFIW.MI,2014-09-05,2019-06-18,196
356,IE00B60SWY32,INVESCO MSCI EUROPE UCITS ETF,SMSEUR.MI,MSCI TRN EUROPE INDEX,0.0019,AZIONARIO EUROPA - AREA,INVESCO,ETF,SMSEUR.MI,2014-09-05,2019-06-18,222
358,IE00B60SX394,INVESCO MSCI WORLD UCITS ETF,SMSWLD.MI,MSCI TRN WORLD INDEX,0.0019,AZIONARIO MONDO,INVESCO,ETF,SMSWLD.MI,2014-09-05,2019-06-18,22100
360,IE00B60SX402,INVESCO RUSSELL 2000 UCITS ETF,SR2000.MI,RUSSELL 2000 TRN INDEX,0.0045,AZIONARIO NORD AMERICA,INVESCO,ETF,SR2000.MI,2014-09-05,2019-06-18,338
361,IE00B3YCGJ38,INVESCO S&P 500 UCITS ETF,SPXS.MI,S&P 500 TRN USD,0.0005,AZIONARIO NORD AMERICA,INVESCO,ETF,SPXS.MI,2014-09-05,2019-06-18,1769
362,IE00B60SWW18,INVESCO STOXX EUROPE 600 UCITS ETF,SDJ600.MI,STOXX EUROPE 600 TRN,0.0019,AZIONARIO EUROPA - AREA,INVESCO,ETF,SDJ600.MI,2014-09-05,2019-06-18,255
374,IE00B23LNQ02,INVESCO FTSE RAFI ALL WLD 3000 UCITS ETF,PSRW.MI,FTSE RAFI ALL-WORLD 3000 TRN,0.005,AZIONARIO MONDO,INVESCO,ETF,IE00B23LNQ02,2014-09-09,2019-06-18,3979
391,IE00BKWQ0Q14,SPDR MSCI EUROP UCITS ETF,EROX.MI,MSCI TRN EUROPE INDEX,0.0025,AZIONARIO EUROPA - AREA,SPDR,ETF,IE00BKWQ0Q14,2014-12-10,2019-06-18,730
393,IE00BJ38QD84,SPDR RUSSELL 2000 US SMALL CAP UCITS ETF,R2US.MI,RUSSELL 2000 TRN INDEX,0.003,AZIONARIO NORD AMERICA,SPDR,ETF,IE00BJ38QD84,2014-12-10,2019-06-18,2348
394,IE00BFTWP510,SPDR EURO STOXX LOW VOLATILITY UCITS ETF,ELOW.MI,EURO STOXX LOW RISK WEIGHTED 100 TRN,0.003,AZIONARIO EUROPA - AREA,SPDR,ETF,IE00BFTWP510,2014-12-10,2019-06-18,2630
399,IE00BQZJBX31,WISDOMTREE EUROPE EQ INCOM UCITS ETF DIS,EEI.MI,WISDOMTREE EUROPE EQUITY INCOME INDEX,0.0029,AZIONARIO EUROPA - AREA,WISDOMTREE,ETF,IE00BQZJBX31,2015-01-26,2019-06-18,2015
401,IE00BQZJBQ63,WISDOMTREE US EQUITY INCOM UCITS ETF DIS,DHS.MI,WISDOMTREE US EQUITY INCOME INDEX,0.0029,AZIONARIO NORD AMERICA,WISDOMTREE,ETF,IE00BQZJBQ63,2015-01-26,2019-06-18,354
411,IE00B8FHGS14,ISHARES EDG MSCI WD MIN VO UCITS ETF ACC,MVOL.MI,MSCI WORLD MINIMUM VOLATILITY TRN,0.003,AZIONARIO MONDO,ISHARES,ETF,IE00B8FHGS14,2015-02-16,2019-06-18,41560
412,IE00B6SPMN59,ISHARES EDG S&P 500 MIN VO UCITS ETF ACC,MVUS.MI,S&P 500 MINIMUM VOLATILITY TRN,0.002,AZIONARIO NORD AMERICA,ISHARES,ETF,IE00B6SPMN59,2015-02-16,2019-06-18,3982
414,IE00B86MWN23,ISHARES EDG MSCI EU MIN VO UCITS ETF ACC,MVEU.MI,MSCI EUROPE MINIMUM VOLATILITY TRN,0.0025,AZIONARIO EUROPA - AREA,ISHARES,ETF,IE00B86MWN23,2015-02-16,2019-06-18,16871
416,IE00BJZ2DC62,XTRACKERS RUSSELL MIDCAP UCITS ETF,XRSM.MI,RUSSELL MIDCAP TRN,0.0035,AZIONARIO NORD AMERICA,XTRACKERS,ETF,IE00BJZ2DC62,2015-04-09,2019-06-18,61
417,IE00BM67HW99,XTRACKERS S&P 500 EUR HED UCITS ETF,XDPE.MI,S&P 500 EURO HEDGED TRN,0.003,AZIONARIO NORD AMERICA,XTRACKERS,ETF,IE00BM67HW99,2015-04-09,2019-06-18,5197
418,IE00BJZ2DD79,XTRACKERS RUSSELL 2000 UCITS ETF,XRS2.MI,RUSSELL 2000 TRN INDEX,0.0045,AZIONARIO NORD AMERICA,XTRACKERS,ETF,IE00BJZ2DD79,2015-04-09,2019-06-18,400
419,IE00B53H0131,UBS CMCI COMPOSIT SF UCITS ETF USD A-ACC,CCUSAS.MI,UBS BLOOMBERG CMCI COMPOSITE TR,0.0036,COMMODITIES,UBS ETF,ETF,IE00B53H0131,2015-04-14,2019-06-18,878
427,IE00BVXBH163,WISDOMTREE EUR EQUITY UCITS ETF USD HEDG,HEDJ.MI,WISDOMTREE EUROPE HEDGED EQUITY TRN,0.0058,AZIONARIO EUROPA - AREA,WISDOMTREE,ETF,IE00BVXBH163,2015-05-21,2019-06-18,52
438,IE00BJ0KDQ92,XTRACKERS MSCI WORLD UCITS ETF,XDWD.MI,MSCI TRN WORLD INDEX,0.0019,AZIONARIO MONDO,XTRACKERS,ETF,IE00BJ0KDQ92,2015-09-09,2019-06-18,1948
453,IE00BYQCZC44,WISDOMTREE GERMANY EQ UCITS ETF EUR ACC,DXGY.MI,WISDOMTREE GERMANY EQUITY INDEX,0.0032,AZIONARIO EUROPA - AREA,WISDOMTREE,ETF,IE00BYQCZC44,2016-05-24,2019-06-18,0
458,LU0908501132,LYXOR CORE EUROSTX 300 DR UCITS ETF DIST,MFDD.MI,EURO STOXX TRN,0.0007,AZIONARIO EUROPA - AREA,LYXOR,ETF,LU0908501132,2015-11-18,2019-06-18,51
459,LU0908500753,LYXOR CORE STX EUR 600 DR UCITS ETF ACC,MEUD.MI,STOXX EUROPE 600 TRN,0.0007,AZIONARIO EUROPA - AREA,LYXOR,ETF,LU0908500753,2015-11-18,2019-06-18,2422
468,LU1324510525,UBS BL BAR US 1-3Y TREA UCITS ETF EU HED,UST1F.MI,BLOOMBERG BARCLAYS US 1-3 YEAR TREAS BOND HED TR,0.0017,TITOLI DI STATO - NON EURO,UBS ETF,ETF,LU1324510525,2016-02-16,2019-06-18,7729
472,LU0659579733,XTRACK MSCI WORLD EUR HED SWAP UCITS ETF,XWEH.MI,MSCI WORLD EURO HEDGED TRN,0.0052,AZIONARIO MONDO,XTRACKERS,ETF,LU0659579733,2016-02-19,2019-06-18,9278
492,IE00BMW3NY56,INVESCO GS EQUITY FAC EUROPE UCITS ETF,EFIE.MI,GOLDMAN SACHS EQUITY FACTOR INDEX EUROPE TRN,0.0045,AZIONARIO EUROPA - AREA,INVESCO,ETF,IE00BMW3NY56,2016-03-04,2019-06-18,32
503,IE00BSVYHQ11,L&G LOIM GLOBAL GOVT BOND FUND UCITS ETF,CORE.MI,LOIM FUNDAMENTAL GLOBAL GOVERNMENT TR,0.0025,TITOLI DI STATO - MONDO,LEGAL & GENERAL,ETF,IE00BSVYHQ11,2016-04-19,2019-06-17,356
511,IE00BYMLZY74,WISDOMTREE ENHANC COMM USD ACC UCITS ETF,WCOA.MI,OPTIMISED ROLL COMMODITY TOTAL RETURN INDEX,0.0035,COMMODITIES,WISDOMTREE,ETF,IE00BYMLZY74,2016-06-09,2019-06-18,1537
518,LU1287023003,LYXOR EMTS 5-7Y INV GR DR UCITS ETF ACC,EM57.MI,FTSE MTS MID PRICE INVG EX-CNO ETRIX 5-7 TR,0.00165,TITOLI DI STATO - EURO,LYXOR,ETF,EM57.MI,2007-05-15,2019-06-18,3324
519,LU1287023268,LYXOR EMTS 15+Y INV GR DR UCITS ETF ACC,EM15.MI,FTSE MTS MID PRICE INVG EX-CNO ETRIX 15+ TR,0.00165,TITOLI DI STATO - EURO,LYXOR,ETF,EM15.MI,2007-10-25,2019-06-18,1684
520,LU1287023185,LYXOR EMTS 7-10Y INV GR DR UCITS ETF ACC,EM710.MI,FTSE MTS MID PRICE INVG EX-CNO ETRIX 7-10 TR,0.00165,TITOLI DI STATO - EURO,LYXOR,ETF,EM710.MI,2007-05-15,2019-06-18,2794
521,LU1287023342,LYXOR EMTS HI R MW GOV DR UCITS ETF ACC,EMAAA.MI,FTSE MTS MID PR HIGH RATED MACRO-WEIGHT ALL MAT TR,0.00165,TITOLI DI STATO - EURO,LYXOR,ETF,EMAAA.MI,2010-02-02,2019-06-18,3194
527,IE00BYTRMY76,XTRACKERS EUROZ GOV QUAL WEIGH UCITS ETF,XESQ.MI,MARKIT IBOXX EUR EUROZONE SOVEREIGNS QUA WEIGH IND,0.002,TITOLI DI STATO - EURO,XTRACKERS,ETF,IE00BYTRMY76,2016-09-01,2019-06-18,21
536,LU1407887162,LYXOR CORE IBX $ TREAS 1-3Y DR UCITS ETF,US13.MI,MARKIT IBOXX USD TREASURIES 1-3 MID PRICE TCA TRI,0.0007,TITOLI DI STATO - NON EURO,LYXOR,ETF,LU1407887162,2011-01-12,2019-06-18,929
537,LU1407888996,LYXOR CORE IBX $ TREAS 5-7Y DR UCITS ETF,US57.MI,MARKIT IBOXX USD TREASURIES 5-7 MID PRICE TCA TRI,0.0007,TITOLI DI STATO - NON EURO,LYXOR,ETF,LU1407888996,2011-01-12,2019-06-18,323
546,LU1459800113,UBS BL BA US 10+Y TR UCITS ETF EU H A-DI,UST10F.MI,BLOOMBERG BARCLAYS CAPITALUS10+YTREABONDHEDGEEURTR,0.0025,TITOLI DI STATO - NON EURO,UBS ETF,ETF,LU1459800113,2016-11-10,2019-06-18,15688
548,IE00BDF16007,WISDOMTREE EUROPE EQ INCOM UCITS ETF ACC,EEIA.MI,WISDOMTREE EUROPE EQUITY INCOME INDEX,0.0029,AZIONARIO EUROPA - AREA,WISDOMTREE,ETF,IE00BDF16007,2016-11-22,2019-06-18,12
550,IE00BD6RZT93,WISDOMTREE US EQUITY INCOM UCITS ETF ACC,DHSA.MI,WISDOMTREE US EQUITY INCOME INDEX,0.0029,AZIONARIO NORD AMERICA,WISDOMTREE,ETF,IE00BD6RZT93,2016-11-22,2019-06-18,0
551,IE00BD6RZW23,WISDOMTREE US EQ IN UCITS ETF EU HED ACC,DHSF.MI,WISDOMTREE US EUR HEDGED EQUITY INCOME INDEX,0.0035,AZIONARIO NORD AMERICA,WISDOMTREE,ETF,IE00BD6RZW23,2016-11-22,2019-06-18,0
552,FR0013209921,LYXOR MSCI WORLD EX EMU UCITS ETF - ACC,WLDX.MI,MSCI WORLD EX EMU NTR,0.0035,AZIONARIO MONDO,LYXOR,ETF,FR0013209921,2016-11-25,2019-06-18,1
555,LU1435770406,LYXOR COMM CRB EX-AGRIC UCITS ETF ACC,CRBA.MI,THOM REUT/CORE COMM CRB NON-AGRI AND LIVESTOCK TRI,0.0035,COMMODITIES,LYXOR,ETF,LU1435770406,2016-12-13,2019-06-18,54
557,IE00BS7K8821,SPDR BL BAR 3-5Y EURO GOVT UCITS ETF,EU35.MI,BARCLAYS 3-5 YEAR EURO TREASURY BOND INDEX,0.0015,TITOLI DI STATO - EURO,SPDR,ETF,IE00BS7K8821,2017-01-24,2019-06-18,23
558,IE00BYSZ5R67,SPDR BARCL 3-5 Y US TREASURY UCITS ETF,TRS5.MI,BARCLAYS CAPITAL US 3-5 YEAR TREASURY BOND TR,0.0015,TITOLI DI STATO - NON EURO,SPDR,ETF,IE00BYSZ5R67,2017-01-24,2019-06-18,215
559,IE00BYSZ5S74,SPDR BARCL 5-7 Y US TREASURY UCITS ETF,TRS7.MI,BARCLAYS CAPITAL US 5-7 YEAR TREASURY BOND TR,0.0015,TITOLI DI STATO - NON EURO,SPDR,ETF,IE00BYSZ5S74,2017-01-24,2019-02-27,335
560,IE00BYSZ5T81,SPDR BARCL 7-10 Y US TREASURY UCITS ETF,TRSX.MI,BLOOMBERG BARCLAYS US 7-10 YEAR TREASURY BOND TR,0.0015,TITOLI DI STATO - NON EURO,SPDR,ETF,IE00BYSZ5T81,2017-01-24,2019-06-18,2396
561,IE00BYSZ5V04,SPDR BARCL 10+ Y US TREASURY UCITS ETF,LUTR.MI,BARCLAYS CAPITAL US 10+ YEAR TREASURY BOND TR,0.0015,TITOLI DI STATO - NON EURO,SPDR,ETF,IE00BYSZ5V04,2017-01-24,2019-06-18,1872
563,IE00BYSZ5Y35,SPDR BARCL 5-7 Y EURO GOVT UCITS ETF,EU57.MI,BARCLAYS EURO 5-7 YEAR TREASURY BOND INDEX,0.0015,TITOLI DI STATO - EURO,SPDR,ETF,IE00BYSZ5Y35,2017-01-24,2019-02-27,1847
564,IE00BYSZ5Z42,SPDR BARCL 7-10 Y EURO GOVT UCITS ETF,EU7L.MI,BARCLAYS EURO 7-10 YEAR TREASURY BOND INDEX,0.0015,TITOLI DI STATO - EURO,SPDR,ETF,IE00BYSZ5Z42,2017-01-24,2019-06-18,1511
565,IE00BYSZ6062,SPDR BARCL 10+ Y EURO GOVT UCITS ETF,LGOV.MI,BARCLAYS EURO 10+ YEAR TREASURY BOND INDEX,0.0015,TITOLI DI STATO - EURO,SPDR,ETF,IE00BYSZ6062,2017-01-24,2019-06-18,1750
574,LU1389266302,LYXOR FTSE ALL WLD MIN VAR UCITS ETF ACC,MVAW.MI,FTSE ALL WORLD MINIMUM VARIANCE NET TAX INDEX,0.003,AZIONARIO MONDO,LYXOR,ETF,LU1389266302,2017-02-14,2019-06-18,7
576,LU1130155606,UBS MSCI CANADA UCITS ETF EUR HEDGED ACC,CAHEUA.MI,MSCI CANADA 100% HEDGED TO EUR TRN,0.0043,AZIONARIO NORD AMERICA,UBS ETF,ETF,LU1130155606,2015-03-06,2019-06-18,11555
577,IE00BYM11K57,UBS MSCI ACWI SF UCITS ETF EUR HEDG ACC,ACWIE.MI,MSCI ACWI 100% HEDGED EUR TRN,0.0022,AZIONARIO MONDO,UBS ETF,ETF,IE00BYM11K57,2016-01-11,2019-06-18,58816
579,IE00BDB7J586,XTRACKERS MSCI USA MINIM VOL UCITS ETF,XMVU.MI,MSCI USA MINIMUM VOLATILITY TRN,0.002,AZIONARIO NORD AMERICA,XTRACKERS,ETF,IE00BDB7J586,2017-03-13,2019-06-18,1028
580,IE00BDGN9Z19,XTRACKERS MSCI EMU MINIM VOL UCITS ETF,XMVE.MI,MSCI EMU MINIMUM VOLATILITY TRN,0.0025,AZIONARIO EUROPA - AREA,XTRACKERS,ETF,IE00BDGN9Z19,2017-03-13,2019-06-18,4112
581,LU1399300455,XTRACKERS II US TREAS EURO HED UCITS ETF,XUTE.MI,IBOXX $ TREASURIES TR,0.002,TITOLI DI STATO - NON EURO,XTRACKERS,ETF,LU1399300455,2017-03-13,2019-06-18,1649
582,LU1437015735,AMUNDI MSCI EUROPE UCITS ETF DR,CEU2.MI,MSCI EUROPE,0.0015,AZIONARIO EUROPA - AREA,AMUNDI,ETF,LU1437015735,2017-04-05,2019-06-18,1236
583,LU1437016204,AMUNDI JP MORGAN GBI GL GOV UCITS ETF DR,GGOV.MI,JPMORGAN GOVERNMENT BOND INDEX GLOBAL,0.002,TITOLI DI STATO - MONDO,AMUNDI,ETF,LU1437016204,2017-04-05,2019-06-18,24008
584,LU1437016543,AMUNDI MSCI NORTH AMERICA UCITS ETF DR,NRAM.MI,MSCI NORTH AMERICA,0.0015,AZIONARIO NORD AMERICA,AMUNDI,ETF,LU1437016543,2017-04-05,2019-06-18,2998
585,LU1437016972,AMUNDI MSCI WORLD UCITS ETF DR,MWRD.MI,MSCI WORLD INDEX,0.0018,AZIONARIO MONDO,AMUNDI,ETF,LU1437016972,2017-04-05,2019-06-18,5340
586,LU1437017863,AMUNDI S&P 500 UCITS ETF DR,S500.MI,S&P 500,0.0015,AZIONARIO NORD AMERICA,AMUNDI,ETF,LU1437017863,2017-04-05,2019-06-18,319
588,LU1437018598,AMUNDI JP MORGAN EMU GOV IG UCITS ETF DR,EGOV.MI,JP MORGAN EMU GBI INVESTMENT GRADE,0.0014,TITOLI DI STATO - EURO,AMUNDI,ETF,LU1437018598,2017-04-05,2019-06-18,2006
589,LU1437018838,AMUNDI FTSE EPRA NAREIT GLO UCITS ETF DR,EPRA.MI,FTSE EPRA/NAREIT DEV EU NTR,0.0024,REAL ESTATE,AMUNDI,ETF,LU1437018838,2017-04-05,2019-06-18,315
594,LU1407887329,LYXOR $ TREAS 1-3Y DR EU H UCITS ETF DIS,U13H.MI,MARKIT IBOXX USD TREAS 1-3MIDPRICE TCA(EUR HEDGED),0.0015,TITOLI DI STATO - NON EURO,LYXOR,ETF,LU1407887329,2017-04-13,2019-06-18,2046
595,IE00BD6FTQ80,INVESCO BLOOMBERG COMMODITY UCITS ETF,CMOD.MI,BLOOMBERG COMMODITY INDEX,0.0019,COMMODITIES,INVESCO,ETF,IE00BD6FTQ80,2017-04-18,2019-06-18,3360
596,IE00BYXZ2585,ISHARESCOREMSCIEMU(DIST) UCITS ETF,CEUD.MI,MSCI EMU TRN,0.0012,AZIONARIO EUROPA - AREA,ISHARES,ETF,IE00BYXZ2585,2017-04-26,2019-06-18,8343
597,IE00BD6GCF16,FIRST TRUST US EQUITY INCOME UCITS ETF B,UNCA.MI,NASDAQ US HIGH EQUITY INCOME NET TOTAL RETURN,0.0055,AZIONARIO NORD AMERICA,FIRST TRUST,ETF,IE00BD6GCF16,2017-07-31,2019-06-18,40
606,IE00B5KQNG97,HSBC S&P 500 UCITS ETF,HSPD.MI,S&P 500 TRN USD,0.0009,AZIONARIO NORD AMERICA,HSBC,ETF,IE00B5KQNG97,2017-07-31,2019-06-18,9436
607,IE00B4X9L533,HSBC MSCI WORLD UCITS ETF,HMWD.MI,MSCI TRN WORLD INDEX,0.0015,AZIONARIO MONDO,HSBC,ETF,IE00B4X9L533,2017-07-31,2019-06-18,25965
608,IE00B4K6B022,HSBC EURO STOXX 50 UCITS ETF,H50E.MI,EURO STOXX 50 TRN,0.0005,AZIONARIO EUROPA - AREA,HSBC,ETF,IE00B4K6B022,2017-07-31,2019-06-18,16741
614,LU0950381748,BNPP EASY FTSE EPRA EUROZONE UCITS ETF,EEA.MI,FTSE EPRA/NAREIT EUROZONE CAPPED (NTR) INDEX,0.005,REAL ESTATE,BNP PARIBAS,ETF,LU0950381748,2017-06-21,2019-06-18,434
623,LU1600334798,UBS ETF MSCI EUROPE EUR HEDGED UCITS ETF,EUEUA.MI,MSCI EUROPE 100% HEDGED TO EUR TRN,0.003,AZIONARIO EUROPA - AREA,UBS ETF,ETF,LU1600334798,2017-07-11,2019-06-18,425
628,LU1589350070,AMUNDI US EQ MUL SM SC BETA UCITS ETF DR,SMTU.MI,SCIENTIFIC BETA US MULTI-BETA-STRATEGY 4-FACTORERC,0.0033,AZIONARIO NORD AMERICA,AMUNDI,ETF,LU1589350070,2017-08-08,2019-06-18,10
640,LU0429459356,XTRACKERS II US TREASURIES UCITS ETF,XUTD.MI,IBOXX $ TREASURIES TR,0.0015,TITOLI DI STATO - NON EURO,XTRACKERS,ETF,LU0429459356,2017-09-29,2019-06-18,48
644,IE00BDVJF675,INVESCO PREFERRED SHARES UCITS ETF,PRFD.MI,BOFA MERRILL L DIV CORE PL FX PREF SEC NTR,0.005,AZIONARIO NORD AMERICA,INVESCO,ETF,IE00BDVJF675,2017-10-25,2019-06-18,3145
645,IE00B60SWZ49,INVESCO STOXX EUROPE SMALL 200 UCITS ETF,SDJSML.MI,STOXX EUROPE SMALL 200 NTR,0.0035,AZIONARIO EUROPA - AREA,INVESCO,ETF,IE00B60SWZ49,2017-11-03,2019-06-18,1
646,LU1646362167,LYXOR FTSE USA MINIM VAR UCITS ETF ACC,MVAU.MI,FTSE USA MINIMUM VARIANCE NET INDEX,0.002,AZIONARIO NORD AMERICA,LYXOR,ETF,LU1646362167,2017-02-14,2019-06-18,178
648,IE00BYML9W36,INVESCO S&P 500 UCITS ETF - B,SPXD.MI,S&P 500 TRN USD,0.0005,AZIONARIO NORD AMERICA,INVESCO,ETF,IE00BYML9W36,2017-11-13,2019-06-18,2428
649,IE00B5B5TG76,INVESCO EURO STOXX 50 UCITS ETF (B),SDJE5D.MI,EURO STOXX 50,0.0005,AZIONARIO EUROPA - AREA,INVESCO,ETF,IE00B5B5TG76,2017-11-13,2019-06-18,1050
654,LU1650487413,LYXOR EMTS 1-3Y INV GR DR UCITS ETF ACC,EM13.MI,FTSE MTS EUROZONE GOV BOND IG 1-3 Y MIDP,0.00165,TITOLI DI STATO - EURO,LYXOR,ETF,EM13.MI,2006-02-09,2019-06-18,56872
655,LU1650488494,LYXOR EMTS 3-5Y INV GR DR UCITS ETF ACC,EM35.MI,FTSE MTS EUROZONE GOV BOND IG 3-5 Y MIDP,0.00165,TITOLI DI STATO - EURO,LYXOR,ETF,EM35.MI,2004-07-07,2019-06-18,19541
656,LU1650489385,LYXOR EMTS 10-15Y IG DR UCITS ETF ACC,EM1015.MI,FTSE MTS EUROZONE GOV BOND IG 10-15 Y MIDP,0.00165,TITOLI DI STATO - EURO,LYXOR,ETF,EM1015.MI,2004-07-07,2019-06-18,3052
657,LU1650490474,LYXOR EMTS ALL-MAT IN G DR UCITS ETF ACC,EMG.MI,FTSE MTS EUROZONE GOV BOND IG MIDP,0.00165,TITOLI DI STATO - EURO,LYXOR,ETF,EMG.MI,2004-05-11,2019-06-18,37474
659,IE00B60SX063,INVESCO STOXX EUROPE MID 200 UCITS ETF,SDJMID.MI,STOXX EUROPE MID 200 INDEX,0.0035,AZIONARIO EUROPA - AREA,INVESCO,ETF,SDJMID.MI,2017-12-01,2019-06-18,115
660,LU1646360971,LYXOR CORE MSCI EMU DR UCITS ETF DIST,EMU.MI,MSCI EMU TRN,0.0012,AZIONARIO EUROPA - AREA,LYXOR,ETF,EMU.MI,2008-10-09,2019-06-18,6312
681,LU1681047236,AMUNDI EURO STOXX 50 UCITS ETF DR - EUR,C50.MI,EURO STOXX 50,0.0015,AZIONARIO EUROPA - AREA,AMUNDI,ETF,C50.MI,2010-03-17,2019-06-18,4673
682,LU1602144575,AMUNDI MSCI EMU UCITS ETF DR - EUR,CMU.MI,MSCI EMU TRN,0.0025,AZIONARIO EUROPA - AREA,AMUNDI,ETF,CMU.MI,2010-03-17,2019-06-18,2190
690,IE00BYVZV757,JPM BETABUIL EUR GOV 1-3 Y ACC UCITS ETF,JE13.MI,JPMORGAN EMU GOV BOND INDEX 1-3 TR,0.001,TITOLI DI STATO - EURO,JP MORGAN,ETF,JE13.MI,2018-02-22,2019-06-18,150
700,LU1681046691,AMUNDI GOV HIG RAT EMTS IG UCITS ETF EUR,AM3A.MI,FTSE MTS HIGHEST-RATED EUROZONE GOV BOND,0.0014,TITOLI DI STATO - EURO,AMUNDI,ETF,AM3A.MI,2011-03-22,2019-06-18,153
705,LU1681048804,AMUNDI S&P 500 EUR UCITS ETF,A500.MI,S&P 500 TRN USD,0.0015,AZIONARIO NORD AMERICA,AMUNDI,ETF,A500.MI,2010-09-09,2019-06-18,10716
708,LU1681044647,AMUNDI MSCI NORDIC EUR UCITS ETF,CN1.MI,MSCI NORDIC COUNTRIES TRN,0.0025,AZIONARIO EUROPA - AREA,AMUNDI,ETF,CN1.MI,2011-03-22,2019-06-18,630
709,LU1681042609,AMUNDI MSCI EUROPE UCITS ETF - EUR,CEU.MI,MSCI TRN EUROPE INDEX,0.0015,AZIONARIO EUROPA - AREA,AMUNDI,ETF,CEU.MI,2010-03-17,2019-06-18,736
717,LU1781541179,LYXOR CORE MSCI WORLD DR UCITS ETF,LCWD.MI,MSCI TRN WORLD INDEX,0.0012,AZIONARIO MONDO,LYXOR,ETF,LCWD.MI,2018-03-29,2019-06-18,5044
721,LU1781540957,LYXOR CORE MORNINGSTAR US DR UCITS ETF,LCUS.MI,MORNINGSTAR US LARGE-MID CAP NR INDEX,0.0004,AZIONARIO NORD AMERICA,LYXOR,ETF,LCUS.MI,2018-03-29,2019-06-18,50
727,LU1681046261,AMUNDI GOV EMTS BROAD IG UCITS ETF,CB3.MI,FTSE MTS EUROZONE GOV BROAD IG,0.0014,TITOLI DI STATO - EURO,AMUNDI,ETF,CB3.MI,2010-09-16,2019-06-18,13323
729,LU1681046774,AMUNDI GOV LOW RAT EMTS IG EUR UCITS ETF,X1G.MI,FTSE MTS LOWEST-RATED EUROZONE GOV BOND IG,0.0014,TITOLI DI STATO - EURO,AMUNDI,ETF,X1G.MI,2010-09-10,2019-06-18,16377
730,LU1681042864,AMUNDI MSCI USA UCITS ETF - EUR,CU2.MI,MSCI USA,0.0028,AZIONARIO NORD AMERICA,AMUNDI,ETF,CU2.MI,2010-03-15,2019-06-18,776
733,LU1681043599,AMUNDI MSCI WORLD UCITS ETF - EUR,CW8.MI,MSCI WORLD INDEX,0.0038,AZIONARIO MONDO,AMUNDI,ETF,CW8.MI,2010-09-10,2019-06-18,847
734,LU1681038243,AMUNDI NASDAQ-100 UCITS ETF - EUR,ANX.MI,NASDAQ 100,0.0023,AZIONARIO NORD AMERICA,AMUNDI,ETF,ANX.MI,2010-09-08,2019-06-18,4726
743,LU0950668870,UBS MSCI EMU UCITS ETF (EUR) A-ACC,EMUAA.MI,MSCI EMU INDEX NR,0.0018,AZIONARIO EUROPA - AREA,UBS ETF,ETF,EMUAA.MI,2018-04-27,2019-06-18,197089
746,IE00BDT8V027,INVESCO PREF SHARES UCITS ETF EU H DIS,PRFE.MI,BOFA MERRILL L DIV CORE PL FX PREF SEC NTR,0.0055,AZIONARIO NORD AMERICA,INVESCO,ETF,PRFE.MI,2018-04-27,2019-06-18,434
761,IE00BD9MMD49,JPM BETABUIL TREAS 1-3 USD ACC UCITS ETF,JU13.MI,JPMORGAN GOV BOND INDEX UNITED STATES 1-3 Y,0.001,TITOLI DI STATO - NON EURO,JP MORGAN,ETF,JU13.MI,2018-06-12,2019-06-18,329
774,LU1829221966,LYXOR S&P 500 BANKS UCITS ETF,BNKU.MI,S&P 500 CAP 35/20 BANKS AND DIV FINAN SEL IND NTR,0.0025,AZIONARIO NORD AMERICA,LYXOR,ETF,BNKU.MI,2018-07-13,2019-06-18,38172
777,IE00BD49RJ15,WISDOMTREE EUR GOV ENHAN UCITS ETF EUR,GOVE.MI,BARCLAYS EURO TREASURY ENHANCED YIELD BOND,0.0016,TITOLI DI STATO - EURO,WISDOMTREE,ETF,GOVE.MI,2018-07-23,2019-06-18,0
778,IE00BD49RK20,WISDOMTREE EUR GOV ENHAN UCITS ETF EUR A,WGOV.MI,BARCLAYS EURO TREASURY ENHANCED YIELD BOND,0.0016,TITOLI DI STATO - EURO,WISDOMTREE,ETF,WGOV.MI,2018-07-23,2019-06-18,0
785,IE00BG88WG77,WISDOMTREE ENH COMMOD UCITS ETF EUR HDG,WCOE.MI,OPTIMIZED ROLL COMMODITY MONTHLY EUR-HDG TOTAL RET,0.0035,COMMODITIES,WISDOMTREE,ETF,WCOE.MI,2018-08-17,2019-06-18,0
796,IE00BYVTMS52,INVESCO EQQQ NASDAQ-100 UCITS ETF EUR H,EQEU.MI,NASDAQ 100,0.0035,AZIONARIO NORD AMERICA,INVESCO,ETF,EQEU.MI,2018-09-17,2019-06-18,201
797,IE00BRKWGL70,INVESCO S&P 500 UCITS ETF EUR HDG ACC,E500.MI,S&P 500 EURO HEDGED TRN,0.0005,AZIONARIO NORD AMERICA,INVESCO,ETF,E500.MI,2018-09-17,2019-06-18,358
816,LU1407890620,LYXOR $ TREASURIES 10Y+ DR UCITS ETF,US10.MI,IBOXX US TREASURIES 10Y+ MID PRICE TR,0.0007,TITOLI DI STATO - NON EURO,LYXOR,ETF,US10.MI,2011-01-17,2019-06-18,746
818,LU1832418773,LYXOR FTSE EPRA/NAR GLOB DEVEL UCITS ETF,REWLD.MI,FTSE EPRA/NAREIT DEVELOPED INDEX NET TRI,0.0045,REAL ESTATE,LYXOR,ETF,REWLD.MI,2010-03-17,2019-06-18,770
821,LU1829219986,LYXOR HIGH RAT MW GOVT 5-7Y DR UCITS ETF,AAA57.MI,FTSE MTS HIGHEST RATED MACRO WEIGT GOV 5-7 YRSMIDP,0.00165,TITOLI DI STATO - EURO,LYXOR,ETF,AAA57.MI,2012-03-02,2019-06-18,317
822,LU1829219556,LYXOR HIGH RAT MW GOVT 1-3Y DR UCITS ETF,AAA13.MI,FTSE MTS HIGHEST RATED MACRO WEIGT GOV 1-3 YRSMIDP,0.00165,TITOLI DI STATO - EURO,LYXOR,ETF,AAA13.MI,2012-03-02,2019-06-18,230
823,LU1829219713,LYXOR HIGH RAT MW GOVT 3-5Y DR UCITS ETF,AAA35.MI,FTSE MTS HIGHEST RATED MACRO WEIGT GOV 3-5 YRSMIDP,0.00165,TITOLI DI STATO - EURO,LYXOR,ETF,AAA35.MI,2012-03-02,2019-06-18,8531
825,IE00BYM11H29,UBS MSCI ACWI SF UCITS ETF USD A-ACC,ACWIA.MI,MSCI ACWI USD TRN,0.0031,AZIONARIO MONDO,UBS ETF,ETF,ACWIA.MI,2018-11-14,2019-06-18,376
827,LU1812091194,LYXOR FTSE EPRA/NAREIT DEV EU UCITS ETF,REEU.MI,FTSE EPRA/NAREIT DEV EU NTR,0.004,REAL ESTATE,LYXOR,ETF,REEU.MI,2010-03-17,2019-06-18,160
828,LU1832418856,LYXOR FTSE EPRA/NAREIT USA UCITS ETF,REUSA.MI,FTSE EPRA/NAREIT UNITED STATES NTR,0.004,REAL ESTATE,LYXOR,ETF,REUSA.MI,2010-03-17,2019-06-18,2220
1070,GB00B00FHZ82,ETFS GOLD BULLION SECURITIES,GBS.MI,1/10 ONCIA TROY DI ORO,0.004,METALLI PREZIOSI,ETFS SECURITIES,ETC,GBS.MI,2007-04-20,2019-06-18,21752
1071,GB00B15KXX56,ETFS GOLD,BULL.MI,DOW JONES-UBS GOLD SUBINDEX,0.0054,METALLI PREZIOSI,ETFS SECURITIES,ETC,BULL.MI,2007-04-20,2019-06-18,23914
1072,GB00B15KY328,ETFS SILVER,SLVR.MI,DOW JONES-UBS SILVER SUBINDEX,0.0054,METALLI PREZIOSI,ETFS SECURITIES,ETC,SLVR.MI,2007-04-20,2019-06-18,4290
1073,JE00B1VS2W53,ETFS PHYSICAL PLATINUM,PHPT.MI,1/10 ONCIA TROY DI PLATINO,0.0049,METALLI PREZIOSI,ETFS SECURITIES,ETC,PHPT.MI,2007-06-20,2019-06-18,4324
1074,JE00B1VS3002,ETFS PHYSICAL PALLADIUM,PHPD.MI,1/10 ONCIA TROY DI PALLADIO,0.0049,METALLI PREZIOSI,ETFS SECURITIES,ETC,PHPD.MI,2007-06-20,2019-06-18,788
1075,JE00B1VS3333,ETFS PHYSICAL SILVER,PHAG.MI,1 ONCIA TROY DI ARGENTO,0.0049,METALLI PREZIOSI,ETFS SECURITIES,ETC,PHAG.MI,2007-06-20,2019-06-18,20059
1076,JE00B1VS3770,ETFS PHYSICAL GOLD,PHAU.MI,1/10 ONCIA TROY DI ORO,0.0039,METALLI PREZIOSI,ETFS SECURITIES,ETC,PHAU.MI,2007-06-20,2019-06-18,48134
1077,JE00B1VS3W29,ETFS PHYSICAL PM BASKET,PHPM.MI,PAN PHPM BASKET,0.0044,METALLI PREZIOSI,ETFS SECURITIES,ETC,PHPM.MI,2007-06-20,2019-06-18,161
1078,XS0416722857,LYXOR ETN GOLD,GOLDL.MI,1/10 ONCIA TROY DI ORO,0.003,METALLI PREZIOSI,SOCIETE GENERALE,ETC,GOLDL.MI,2010-10-04,2019-06-18,320
1079,DE000A1EK0G3,XTRACKERS PHYSICAL GOLD EUR HEDGED ETC,XAD1.MI,1 ONCIA TROY DI ORO,0.0059,METALLI PREZIOSI,DEUTSCHE BANK,ETC,XAD1.MI,2010-10-27,2019-06-18,22855
1080,DE000A1EK0J7,XTRACKERS PHYSICAL SILVER EUR HEDGED ETC,XAD2.MI,1 ONCIA TROY DI ARGENTO,0.0075,METALLI PREZIOSI,DEUTSCHE BANK,ETC,XAD2.MI,2010-10-27,2019-06-18,910
1081,DE000A1EK0H1,XTRACKERS PHYSIC PLATINUM EUR HEDGED ETC,XAD3.MI,1 ONCIA TROY DI PLATINO,0.0075,METALLI PREZIOSI,DEUTSCHE BANK,ETC,XAD3.MI,2010-10-27,2019-06-18,720
1082,DE000A1EK3B8,XTRACKERS PHYSIC PALLADIUM EUR HEDG ETC,XAD4.MI,1 ONCIA TROY DI PALLADIO,0.0075,METALLI PREZIOSI,DEUTSCHE BANK,ETC,XAD4.MI,2010-10-27,2019-06-18,147
1083,DE000A1E0HR8,XTRACKERS PHYSICAL GOLD ETC (EUR),XAD5.MI,1 ONCIA TROY DI ORO,0.0025,METALLI PREZIOSI,DEUTSCHE BANK,ETC,XAD5.MI,2010-10-27,2019-06-18,7522
1084,DE000A1E0HS6,XTRACKERS PHYSICAL SILVER ETC (EUR),XAD6.MI,1 ONCIA TROY DI ARGENTO,0.004,METALLI PREZIOSI,DEUTSCHE BANK,ETC,XAD6.MI,2010-10-20,2019-06-18,386
1085,JE00B2QY0F45,ETFS PLATINUM,PLTT.MI,DOW JONES-UBS PLATINUM SUBINDEX,0.0054,METALLI PREZIOSI,ETFS SECURITIES,ETC,PLTT.MI,2012-01-04,2019-06-18,2244
1086,JE00B588CD74,ETFS PHYSICAL SWISS GOLD,SGBS.MI,1/10 ONCIA TROY DI ORO,0.0025,METALLI PREZIOSI,ETFS SECURITIES,ETC,SGBS.MI,2012-05-14,2019-06-18,3384
1087,JE00B4RKQV36,ETFS EUR DAILY HEDGED GOLD,EBUL.MI,DOW JONES-UBS GOLD SUBINDEX EURO HEDGED DAILY ER,0.0054,METALLI PREZIOSI,ETFS SECURITIES,ETC,JE00B4RKQV36,2012-07-06,2019-06-18,7009
1088,JE00B5SV2703,ETFS EUR DAILY HEDGED SILVER,ESVR.MI,DOW JONES-UBS SILVER SUBINDEX EURO HEDGED DAILY ER,0.0054,METALLI PREZIOSI,ETFS SECURITIES,ETC,JE00B5SV2703,2012-07-06,2019-06-18,642
1089,JE00B8DFY052,ETFS EUR DAILY HEDGED PHYSICAL GOLD,GBSE.MI,1/100 ONCIA TROY DI ORO,0.0055,METALLI PREZIOSI,ETFS SECURITIES,ETC,JE00B8DFY052,2013-05-17,2019-06-18,28978
1090,XS1073721562,SG ETC GOLD DAILY EUR HEDGED COLLATERAL,GOLDH.MI,SOLACTIVE GOLD FUTURES LONG INDEX TR-EUR HEDGED,0.0048,METALLI PREZIOSI,SOCIETE GENERALE,ETC,XS1073721562,2016-05-24,2019-06-18,202
1091,IE00B579F325,INVESCO PHYSICAL GOLD ETC,SGLD.MI,1/10 ONCIA TROY DI ORO,0.0024,METALLI PREZIOSI,INVESCO,ETC,IE00B579F325,2014-11-27,2019-06-18,10910
1092,IE00BVFZGK87,BOOST GOLD ETC,GLD.MI,NASDAQ COMMODITY GOLD ER,0.0009,METALLI PREZIOSI,BOOST,ETC,IE00BVFZGK87,2015-04-09,2019-06-18,3066
1093,XS1073721992,SG ETC GOLD COLLATERALIZED,GOLD1L.MI,SOLACTIVE GOLD FUTURES LONG INDEX TR,0.0029,METALLI PREZIOSI,SOCIETE GENERALE,ETC,XS1073721992,2016-05-24,2019-06-18,51
1094,XS1526242711,SG ETC SILVER COLLATERALIZED,SLVR1L.MI,SILVER FUTURES LONG INDEX,0.0048,METALLI PREZIOSI,SOCIETE GENERALE,ETC,XS1526242711,2017-05-31,2019-06-18,0
1095,XS1526243362,SG ETC SILVER DAILY EURO HEDGED COLLAT,SLVRH.MI,SILVER FUTURES LONG INDEX - EUR HEDGED,0.0048,METALLI PREZIOSI,SOCIETE GENERALE,ETC,XS1526243362,2017-05-31,2019-06-18,0
